[
{
  "model": "pages.page",
  "pk": 1,
  "fields": {
    "name": "Test category I",
    "type": "model",
    "related_model_name": "tests_mockcategory",
    "parent": null,
    "slug": "test-category-i",
    "is_active": true,
    "position": 0,
    "content": "",
    "date_published": "2018-05-17",
    "menu_title": "",
    "h1": "",
    "keywords": "",
    "description": "",
    "seo_text": "",
    "title": "",
    "template": null,
    "lft": 1,
    "rght": 38,
    "tree_id": 1,
    "level": 0
  }
},
{
  "model": "pages.page",
  "pk": 2,
  "fields": {
    "name": "Test category II #1",
    "type": "model",
    "related_model_name": "tests_mockcategory",
    "parent": 1,
    "slug": "test-category-ii-1",
    "is_active": true,
    "position": 0,
    "content": "",
    "date_published": "2018-05-17",
    "menu_title": "",
    "h1": "",
    "keywords": "",
    "description": "",
    "seo_text": "",
    "title": "",
    "template": null,
    "lft": 2,
    "rght": 35,
    "tree_id": 1,
    "level": 1
  }
},
{
  "model": "pages.page",
  "pk": 3,
  "fields": {
    "name": "Test category II #2",
    "type": "model",
    "related_model_name": "tests_mockcategory",
    "parent": 1,
    "slug": "test-category-ii-2",
    "is_active": true,
    "position": 0,
    "content": "",
    "date_published": "2018-05-17",
    "menu_title": "",
    "h1": "",
    "keywords": "",
    "description": "",
    "seo_text": "",
    "title": "",
    "template": null,
    "lft": 36,
    "rght": 37,
    "tree_id": 1,
    "level": 1
  }
},
{
  "model": "pages.page",
  "pk": 4,
  "fields": {
    "name": "Test child III #1",
    "type": "model",
    "related_model_name": "tests_mockcategory",
    "parent": 2,
    "slug": "test-child-iii-1",
    "is_active": true,
    "position": 0,
    "content": "",
    "date_published": "2018-05-17",
    "menu_title": "",
    "h1": "",
    "keywords": "",
    "description": "",
    "seo_text": "",
    "title": "",
    "template": null,
    "lft": 3,
    "rght": 28,
    "tree_id": 1,
    "level": 2
  }
},
{
  "model": "pages.page",
  "pk": 5,
  "fields": {
    "name": "Test child III #2",
    "type": "model",
    "related_model_name": "tests_mockcategory",
    "parent": 2,
    "slug": "test-child-iii-2",
    "is_active": true,
    "position": 0,
    "content": "",
    "date_published": "2018-05-17",
    "menu_title": "",
    "h1": "",
    "keywords": "",
    "description": "",
    "seo_text": "",
    "title": "",
    "template": null,
    "lft": 33,
    "rght": 34,
    "tree_id": 1,
    "level": 2
  }
},
{
  "model": "pages.page",
  "pk": 7,
  "fields": {
    "name": "Test child III #1",
    "type": "model",
    "related_model_name": "tests_mockcategory",
    "parent": 3,
    "slug": "test-child-iii-1-6",
    "is_active": true,
    "position": 0,
    "content": "",
    "date_published": "2018-05-17",
    "menu_title": "",
    "h1": "",
    "keywords": "",
    "description": "",
    "seo_text": "",
    "title": "",
    "template": null,
    "lft": 29,
    "rght": 30,
    "tree_id": 1,
    "level": 2
  }
},
{
  "model": "pages.page",
  "pk": 9,
  "fields": {
    "name": "Test child III #2",
    "type": "model",
    "related_model_name": "tests_mockcategory",
    "parent": 3,
    "slug": "test-child-iii-2-7",
    "is_active": true,
    "position": 0,
    "content": "",
    "date_published": "2018-05-17",
    "menu_title": "",
    "h1": "",
    "keywords": "",
    "description": "",
    "seo_text": "",
    "title": "",
    "template": null,
    "lft": 31,
    "rght": 32,
    "tree_id": 1,
    "level": 2
  }
},
{
  "model": "pages.page",
  "pk": 10,
  "fields": {
    "name": "Product #1 of Test child III #1",
    "type": "model",
    "related_model_name": "tests_mockproduct",
    "parent": 4,
    "slug": "product-1-of-test-child-iii-1",
    "is_active": true,
    "position": 0,
    "content": "",
    "date_published": "2018-05-17",
    "menu_title": "",
    "h1": "",
    "keywords": "",
    "description": "",
    "seo_text": "",
    "title": "",
    "template": null,
    "lft": 4,
    "rght": 5,
    "tree_id": 1,
    "level": 3
  }
},
{
  "model": "pages.page",
  "pk": 11,
  "fields": {
    "name": "Product #1 of Test child III #2",
    "type": "model",
    "related_model_name": "tests_mockproduct",
    "parent": 5,
    "slug": "product-1-of-test-child-iii-2",
    "is_active": true,
    "position": 0,
    "content": "",
    "date_published": "2018-05-17",
    "menu_title": "",
    "h1": "",
    "keywords": "",
    "description": "",
    "seo_text": "",
    "title": "",
    "template": null,
    "lft": 26,
    "rght": 27,
    "tree_id": 1,
    "level": 3
  }
},
{
  "model": "pages.page",
  "pk": 13,
  "fields": {
    "name": "Product #1 of Test child III #1",
    "type": "model",
    "related_model_name": "tests_mockproduct",
    "parent": 7,
    "slug": "product-1-of-test-child-iii-1-3",
    "is_active": true,
    "position": 0,
    "content": "",
    "date_published": "2018-05-17",
    "menu_title": "",
    "h1": "",
    "keywords": "",
    "description": "",
    "seo_text": "",
    "title": "",
    "template": null,
    "lft": 22,
    "rght": 23,
    "tree_id": 1,
    "level": 3
  }
},
{
  "model": "pages.page",
  "pk": 15,
  "fields": {
    "name": "Product #1 of Test child III #2",
    "type": "model",
    "related_model_name": "tests_mockproduct",
    "parent": 9,
    "slug": "product-1-of-test-child-iii-2-4",
    "is_active": true,
    "position": 0,
    "content": "",
    "date_published": "2018-05-17",
    "menu_title": "",
    "h1": "",
    "keywords": "",
    "description": "",
    "seo_text": "",
    "title": "",
    "template": null,
    "lft": 24,
    "rght": 25,
    "tree_id": 1,
    "level": 3
  }
},
{
  "model": "pages.page",
  "pk": 16,
  "fields": {
    "name": "Product #2 of Test child III #1",
    "type": "model",
    "related_model_name": "tests_mockproduct",
    "parent": 4,
    "slug": "product-2-of-test-child-iii-1",
    "is_active": true,
    "position": 0,
    "content": "",
    "date_published": "2018-05-17",
    "menu_title": "",
    "h1": "",
    "keywords": "",
    "description": "",
    "seo_text": "",
    "title": "",
    "template": null,
    "lft": 6,
    "rght": 7,
    "tree_id": 1,
    "level": 3
  }
},
{
  "model": "pages.page",
  "pk": 17,
  "fields": {
    "name": "Product #2 of Test child III #2",
    "type": "model",
    "related_model_name": "tests_mockproduct",
    "parent": 5,
    "slug": "product-2-of-test-child-iii-2",
    "is_active": true,
    "position": 0,
    "content": "",
    "date_published": "2018-05-17",
    "menu_title": "",
    "h1": "",
    "keywords": "",
    "description": "",
    "seo_text": "",
    "title": "",
    "template": null,
    "lft": 20,
    "rght": 21,
    "tree_id": 1,
    "level": 3
  }
},
{
  "model": "pages.page",
  "pk": 19,
  "fields": {
    "name": "Product #2 of Test child III #1",
    "type": "model",
    "related_model_name": "tests_mockproduct",
    "parent": 7,
    "slug": "product-2-of-test-child-iii-1-7",
    "is_active": true,
    "position": 0,
    "content": "",
    "date_published": "2018-05-17",
    "menu_title": "",
    "h1": "",
    "keywords": "",
    "description": "",
    "seo_text": "",
    "title": "",
    "template": null,
    "lft": 16,
    "rght": 17,
    "tree_id": 1,
    "level": 3
  }
},
{
  "model": "pages.page",
  "pk": 21,
  "fields": {
    "name": "Product #2 of Test child III #2",
    "type": "model",
    "related_model_name": "tests_mockproduct",
    "parent": 9,
    "slug": "product-2-of-test-child-iii-2-8",
    "is_active": true,
    "position": 0,
    "content": "",
    "date_published": "2018-05-17",
    "menu_title": "",
    "h1": "",
    "keywords": "",
    "description": "",
    "seo_text": "",
    "title": "",
    "template": null,
    "lft": 18,
    "rght": 19,
    "tree_id": 1,
    "level": 3
  }
},
{
  "model": "pages.page",
  "pk": 22,
  "fields": {
    "name": "Product #3 of Test child III #1",
    "type": "model",
    "related_model_name": "tests_mockproduct",
    "parent": 4,
    "slug": "product-3-of-test-child-iii-1",
    "is_active": true,
    "position": 0,
    "content": "",
    "date_published": "2018-05-17",
    "menu_title": "",
    "h1": "",
    "keywords": "",
    "description": "",
    "seo_text": "",
    "title": "",
    "template": null,
    "lft": 8,
    "rght": 9,
    "tree_id": 1,
    "level": 3
  }
},
{
  "model": "pages.page",
  "pk": 23,
  "fields": {
    "name": "Product #3 of Test child III #2",
    "type": "model",
    "related_model_name": "tests_mockproduct",
    "parent": 5,
    "slug": "product-3-of-test-child-iii-2",
    "is_active": true,
    "position": 0,
    "content": "",
    "date_published": "2018-05-17",
    "menu_title": "",
    "h1": "",
    "keywords": "",
    "description": "",
    "seo_text": "",
    "title": "",
    "template": null,
    "lft": 14,
    "rght": 15,
    "tree_id": 1,
    "level": 3
  }
},
{
  "model": "pages.page",
  "pk": 25,
  "fields": {
    "name": "Product #3 of Test child III #1",
    "type": "model",
    "related_model_name": "tests_mockproduct",
    "parent": 7,
    "slug": "product-3-of-test-child-iii-1-11",
    "is_active": true,
    "position": 0,
    "content": "",
    "date_published": "2018-05-17",
    "menu_title": "",
    "h1": "",
    "keywords": "",
    "description": "",
    "seo_text": "",
    "title": "",
    "template": null,
    "lft": 10,
    "rght": 11,
    "tree_id": 1,
    "level": 3
  }
},
{
  "model": "pages.page",
  "pk": 27,
  "fields": {
    "name": "Product #3 of Test child III #2",
    "type": "model",
    "related_model_name": "tests_mockproduct",
    "parent": 9,
    "slug": "product-3-of-test-child-iii-2-12",
    "is_active": true,
    "position": 0,
    "content": "",
    "date_published": "2018-05-17",
    "menu_title": "",
    "h1": "",
    "keywords": "",
    "description": "",
    "seo_text": "",
    "title": "",
    "template": null,
    "lft": 12,
    "rght": 13,
    "tree_id": 1,
    "level": 3
  }
},
{
  "model": "tests.mockcategory",
  "pk": 1,
  "fields": {
    "name": "Test category I",
    "parent": null,
    "page": 1,
    "lft": 1,
    "rght": 14,
    "tree_id": 1,
    "level": 0
  }
},
{
  "model": "tests.mockcategory",
  "pk": 2,
  "fields": {
    "name": "Test category II #1",
    "parent": 1,
    "page": 2,
    "lft": 2,
    "rght": 7,
    "tree_id": 1,
    "level": 1
  }
},
{
  "model": "tests.mockcategory",
  "pk": 3,
  "fields": {
    "name": "Test category II #2",
    "parent": 1,
    "page": 3,
    "lft": 8,
    "rght": 13,
    "tree_id": 1,
    "level": 1
  }
},
{
  "model": "tests.mockcategory",
  "pk": 4,
  "fields": {
    "name": "Test child III #1",
    "parent": 2,
    "page": 4,
    "lft": 3,
    "rght": 4,
    "tree_id": 1,
    "level": 2
  }
},
{
  "model": "tests.mockcategory",
  "pk": 5,
  "fields": {
    "name": "Test child III #2",
    "parent": 2,
    "page": 5,
    "lft": 5,
    "rght": 6,
    "tree_id": 1,
    "level": 2
  }
},
{
  "model": "tests.mockcategory",
  "pk": 6,
  "fields": {
    "name": "Test child III #1",
    "parent": 3,
    "page": 7,
    "lft": 9,
    "rght": 10,
    "tree_id": 1,
    "level": 2
  }
},
{
  "model": "tests.mockcategory",
  "pk": 7,
  "fields": {
    "name": "Test child III #2",
    "parent": 3,
    "page": 9,
    "lft": 11,
    "rght": 12,
    "tree_id": 1,
    "level": 2
  }
},
{
  "model": "tests.mockcategorywithdefaultpage",
  "pk": 1,
  "fields": {
    "name": "Test category with page I",
    "parent": null,
    "page": null,
    "lft": 1,
    "rght": 14,
    "tree_id": 1,
    "level": 0
  }
},
{
  "model": "tests.mockcategorywithdefaultpage",
  "pk": 2,
  "fields": {
    "name": "Test category II with page #1",
    "parent": 1,
    "page": null,
    "lft": 2,
    "rght": 7,
    "tree_id": 1,
    "level": 1
  }
},
{
  "model": "tests.mockcategorywithdefaultpage",
  "pk": 3,
  "fields": {
    "name": "Test category II with page #2",
    "parent": 1,
    "page": null,
    "lft": 8,
    "rght": 13,
    "tree_id": 1,
    "level": 1
  }
},
{
  "model": "tests.mockcategorywithdefaultpage",
  "pk": 4,
  "fields": {
    "name": "Test child III with page #1",
    "parent": 2,
    "page": null,
    "lft": 3,
    "rght": 4,
    "tree_id": 1,
    "level": 2
  }
},
{
  "model": "tests.mockcategorywithdefaultpage",
  "pk": 5,
  "fields": {
    "name": "Test child III with page #2",
    "parent": 2,
    "page": null,
    "lft": 5,
    "rght": 6,
    "tree_id": 1,
    "level": 2
  }
},
{
  "model": "tests.mockcategorywithdefaultpage",
  "pk": 6,
  "fields": {
    "name": "Test child III with page #1",
    "parent": 3,
    "page": null,
    "lft": 9,
    "rght": 10,
    "tree_id": 1,
    "level": 2
  }
},
{
  "model": "tests.mockcategorywithdefaultpage",
  "pk": 7,
  "fields": {
    "name": "Test child III with page #2",
    "parent": 3,
    "page": null,
    "lft": 11,
    "rght": 12,
    "tree_id": 1,
    "level": 2
  }
},
{
  "model": "tests.mockproduct",
  "pk": 1,
  "fields": {
    "name": "Product #1 of Test child III #1",
    "price": 10.0,
    "in_stock": 0,
    "is_popular": false,
    "page": 10,
    "category": 4
  }
},
{
  "model": "tests.mockproduct",
  "pk": 2,
  "fields": {
    "name": "Product #1 of Test child III #2",
    "price": 10.0,
    "in_stock": 0,
    "is_popular": false,
    "page": 11,
    "category": 5
  }
},
{
  "model": "tests.mockproduct",
  "pk": 3,
  "fields": {
    "name": "Product #1 of Test child III #1",
    "price": 10.0,
    "in_stock": 0,
    "is_popular": false,
    "page": 13,
    "category": 6
  }
},
{
  "model": "tests.mockproduct",
  "pk": 4,
  "fields": {
    "name": "Product #1 of Test child III #2",
    "price": 10.0,
    "in_stock": 0,
    "is_popular": false,
    "page": 15,
    "category": 7
  }
},
{
  "model": "tests.mockproduct",
  "pk": 5,
  "fields": {
    "name": "Product #2 of Test child III #1",
    "price": 20.0,
    "in_stock": 0,
    "is_popular": false,
    "page": 16,
    "category": 4
  }
},
{
  "model": "tests.mockproduct",
  "pk": 6,
  "fields": {
    "name": "Product #2 of Test child III #2",
    "price": 20.0,
    "in_stock": 0,
    "is_popular": false,
    "page": 17,
    "category": 5
  }
},
{
  "model": "tests.mockproduct",
  "pk": 7,
  "fields": {
    "name": "Product #2 of Test child III #1",
    "price": 20.0,
    "in_stock": 0,
    "is_popular": false,
    "page": 19,
    "category": 6
  }
},
{
  "model": "tests.mockproduct",
  "pk": 8,
  "fields": {
    "name": "Product #2 of Test child III #2",
    "price": 20.0,
    "in_stock": 0,
    "is_popular": false,
    "page": 21,
    "category": 7
  }
},
{
  "model": "tests.mockproduct",
  "pk": 9,
  "fields": {
    "name": "Product #3 of Test child III #1",
    "price": 30.0,
    "in_stock": 1,
    "is_popular": false,
    "page": 22,
    "category": 4
  }
},
{
  "model": "tests.mockproduct",
  "pk": 10,
  "fields": {
    "name": "Product #3 of Test child III #2",
    "price": 30.0,
    "in_stock": 1,
    "is_popular": false,
    "page": 23,
    "category": 5
  }
},
{
  "model": "tests.mockproduct",
  "pk": 11,
  "fields": {
    "name": "Product #3 of Test child III #1",
    "price": 30.0,
    "in_stock": 1,
    "is_popular": false,
    "page": 25,
    "category": 6
  }
},
{
  "model": "tests.mockproduct",
  "pk": 12,
  "fields": {
    "name": "Product #3 of Test child III #2",
    "price": 30.0,
    "in_stock": 1,
    "is_popular": false,
    "page": 27,
    "category": 7
  }
}
]
